drug_id,pubchem_cid,smiles,drug_name
CID100000159,100000159,CC(C)C1=CC(=NO1)C2CCCN2C(=O)CN(C)CC3=CN=CC=C3,prostacyclin
CID100000214,100000214,CC1=CC2=C(C(CC(=O)O2)C3=CC4=C(C(=C3)OC)OCCO4)C(=O)N1CCC5=CC=C(C=C5)O,PGE1
CID100000444,100000444,CC1=C(C=C(C=C1)C(C)NC(=O)C2=CC=C(C=C2)CSC3=CC=C(C=C3)Cl)C,bupropion
CID100000450,100000450,C1C(C1S(=O)(=O)C2=CC=C(C=C2)Cl)C(=S)N,estradiol
CID100000453,100000453,CCC(C1=CC(=C(C=C1)C)C)NC(=O)C2=CC=C(C=C2)CSC3=CC=C(C=C3)Cl,mannitol
CID100000596,100000596,CS(=O)(=O)C1C(C1C2=CC=CC=C2)C#N,cytarabine
CID100000699,100000699,CS(=O)(=O)C1C(C1(CN)C(=O)O)C2=CC=CC=C2,Oestrogen
CID100000896,100000896,CC1=CC=CC=C1CSCC(=O)NC2CC(OC3=C2C=CC(=C3)OC)(C)C,melatonin
CID100000937,100000937,CC1=CC(=CC=C1)C2=NOC(=N2)CNC(=O)CSCC3=CC=CC=C3C,niacin
CID100000942,100000942,CS(=O)(=O)C1C(C1C(=S)N)C2=CC=CC=C2,nicotine
CID100001065,100001065,CCS(=O)(=O)C1C(C1C2=CC=CC=C2)C#N,quinidine
CID100001301,100001301,CC1=CC2=C(C(CC(=O)O2)C3=COC4=C(C3=O)C=C(C=C4)Cl)C(=O)O1,naproxen
CID100001546,100001546,COC1=CC=C(C=C1)CCCNC(=O)CSCC2=CC(=CC=C2)Cl,cladribine
CID100001690,100001690,COC1=CC=C(C=C1)C2=NOC(=N2)CNC(=O)CSCC3=CC(=CC=C3)Cl,doxorubicin
CID100001775,100001775,COC1=CC=CC=C1CCCNC(=O)CSCC2=CC=C(C=C2)Cl,phenytoin
CID100001805,100001805,C1=CC=C(C=C1)C2C(C2S(=O)(=O)C3=CC=CC=C3)C=O,5-azacytidine
CID100001875,100001875,CC1=CC=C(C=C1)S(=O)(=O)C2C(C2(C#N)C(=O)O)C3=CC=CC=C3,methylprednisolone
CID100001971,100001971,C1CN(CCC1O)C2=NC(=NC=C2)NC(C3CC(C3)O)C4=CC=CC=N4,abacavir
CID100001972,100001972,CCOC(=O)C1(C(C1S(=O)(=O)C2=CC=C(C=C2)C)C3=CC=CC=C3)N,amphotericin
CID100001978,100001978,CC1=CC=C(C=C1)S(=O)(=O)C2C(C2(CN)CN)C3=CC=CC=C3,acebutolol
CID100001983,100001983,CC1=CC=C(C=C1)S(=O)(=O)C2C(C2(CN)CN)C3=CC=CC=C3,acetaminophen
CID100002022,100002022,CN(C)S(=O)(=O)C1=CC2=C(C=C1)N(CC2)C(=O)CSCC3=CC=C(C=C3)[N+](=O)[O-],acyclovir
CID100002083,100002083,CC(C)C1=CC=C(C=C1)C(CC(=O)OC)C2=C(C(=O)C=C(O2)CN3CC4CC(C3)C5=CC=CC(=O)N5C4)O,salbutamol
CID100002094,100002094,CC1=C(N(N=C1C)CCC(=O)NCC2CCCN(C2)C3=CC=CC=N3)C,allopurinol
CID100002099,100002099,CN1C=C(C2=CC=CC=C21)CC(=O)N3CCCC4=CC5CC(C43)CN6C5CCCC6,alosetron
CID100002118,100002118,CC1=CC=C(C=C1)S(=O)(=O)C2C(C2(CO)N)C3=CC=CC=C3,alprazolam
CID100002130,100002130,CC1=CC=CC=C1OCC(C)NC(=O)CSCC2=CC=C(C=C2)[N+](=O)[O-],amantadine
CID100002140,100002140,CC1CCN(CC1)C2=CC=C(C=C2)C(C)NC(=O)CSCC3=CC=C(C=C3)[N+](=O)[O-],diatrizoate
CID100002156,100002156,COC1=CC=CC(=C1OC)C=C2C(=O)C3=C(O2)C4=C(C=C3)OC(=O)CC4C5=C(C(=CC=C5)OC)OCCC6=CC7=C(C=C6)OCC7,amiodarone
CID100002160,100002160,CC1=CC2=C(C=C1)C(CC(O2)(C)C)NC(=O)CSCC3=CC=C(C=C3)[N+](=O)[O-],amitriptyline
CID100002162,100002162,CC1=CC2=C(C(CC(=O)O2)C3=CC4=CC=CC=C4N(C3=O)CC(C)C)C(=O)O1,amlodipine
CID100002182,100002182,CC1=CC=C(C=C1)S(=O)(=O)C2C(C2(COC)N)C3=CC=CC=C3,anagrelide
CID100002187,100002187,CC1=C(C(=NN1C)C)NC(=O)CNC2=CC=C3C(=CC2=O)C(CCC4=CC(=C(C(=C43)OC)OC)OC)NC(=O)C,anastrozole
CID100002249,100002249,CC1=CC=C(C=C1)S(=O)(=O)C2C(C2C(=S)N)C3=CC=CC=C3,atenolol
CID100002250,100002250,CC1=CC=C(C=C1)S(=O)(=O)C2C(C2C(=S)N)C3=CC=CC=C3,atorvastatin
CID100002267,100002267,COC1=CC=C(C=C1)C=C2C(=O)C3=C(O2)C4=C(C=C3)OC(=O)CC4C5=CC(=CC=C5)OCCC6=CC7=C(C=C6)OCC7,azelastine
CID100002269,100002269,CN(CC1=NC(=NO1)C2=CC=CS2)C(=O)CSCC3=CC=C(C=C3)[N+](=O)[O-],azithromycin
CID100002284,100002284,CC1=CC2=C(C(CC(=O)O2)C3=C(C(=C(C=C3)OC)OC)OC)C(=O)O1,baclofen
CID100002349,100002349,COCC1(C(C1S(=O)(=O)C2=CC=C(C=C2)Cl)C3=CC=CC=C3)C#N,penicillin
CID100002367,100002367,CC(C(=O)NC1=CC=CC=C1C(=O)C2=CC=CC=C2)SC3=CC=CC=C3,dexamethasone
CID100002369,100002369,CCOCC1(C(C1S(=O)(=O)C2=CC=C(C=C2)Cl)C3=CC=CC=C3)C#N,betaxolol
CID100002375,100002375,C1=CC=C(C=C1)C2C(C2S(=O)(=O)C3=CC=C(C=C3)Cl)C#N,bicalutamide
CID100002405,100002405,CCOC(=O)C1(C(C1S(=O)(=O)C2=CC=C(C=C2)Cl)C3=CC=CC=C3)CN,bisoprolol
CID100002435,100002435,C1=CC=C(C=C1)C2C(C2(CN)CN)S(=O)(=O)C3=CC=C(C=C3)Cl,brimonidine
CID100002443,100002443,C1=CC=C(C=C1)C2C(C2(CN)CO)S(=O)(=O)C3=CC=C(C=C3)Cl,bromocriptine
CID100002462,100002462,C1=CC=C(C=C1)C2C(C2(CN)C(=O)O)S(=O)(=O)C3=CC=C(C=C3)Cl,budesonide
CID100002474,100002474,C1=CC=C(C=C1)C2C(C2(CN)N)S(=O)(=O)C3=CC=C(C=C3)Cl,bupivacaine
CID100002476,100002476,CC1=CC2=C(C=C1)OC(CC2NC(=O)C(C)SC3=CC=CC=C3)(C)C,buprenorphine
CID100002477,100002477,CC1=NC(=NN1)SCCNC(=O)C2CC(=O)N(C2)C3=CC(=CC=C3)F,buspirone
CID100002478,100002478,CC(C)(C)OC(=O)NC1(C(C1S(=O)(=O)C2=CC=C(C=C2)Cl)C3=CC=CC=C3)CN,busulfan
CID100002487,100002487,CC1=CC2=C(C=C1)C(CC(O2)(C)C)NC(=O)C(C)SC3=CC=CC=C3,butorphanol
CID100002512,100002512,CC(C(=O)NC1CC(OC2=C1C=CC(=C2)OC)(C)C)SC3=CC=CC=C3,cabergoline
CID100002520,100002520,CC(CC1=NC=CN=C1)N(C)C(=O)C2=NOC3=C2CCCC3,verapamil
CID100002540,100002540,CCC(C1=CC(=C(C=C1)C)C)NC(=O)C(C)SC2=CC=CC=C2,candesartan
CID100002550,100002550,C1C2CN(CC1C3=CC=CC(=O)N3C2)C(=O)CC4=NNC(=O)C5=CC=CC=C54,captopril
CID100002554,100002554,CCC(C1=C(C=C(C=C1)C)C)NC(=O)C(C)SC2=CC=CC=C2,carbamazepine
CID100002563,100002563,C1=CC=C(C=C1)C2C(C2(CO)N)S(=O)(=O)C3=CC=C(C=C3)Cl,carbidopa
CID100002578,100002578,C1=CC=C(C=C1)C2C(C2S(=O)(=O)C3=CC=C(C=C3)Cl)CO,BCNU
CID100002585,100002585,C1CC2=C(C1)NC(=O)C(=C2)C(=O)NC3CC(=O)N(C3)CC4=CC=CC=C4,carvedilol
CID100002609,100002609,CC(C(=O)NCC1=NC(=NO1)C2=C(C=C(C=C2)OC)OC)SC3=CC=CC=C3,cefaclor
CID100002617,100002617,CC1CCC(C(C1)OC(=O)CN2C(=O)OC(=N2)C3=CC=CO3)C(C)C,cefazolin
CID100002650,100002650,CC(C1=NN2CCN(CC2=C1)C(=O)CC3=C(CCC3=O)C4=CC=CC=C4)O,ceftazidime
CID100002658,100002658,CC(C(=O)N(C)CC1=NC(=NO1)C2=CC=C(C=C2)OC)SC3=CC=CC=C3,cefuroxime
CID100002662,100002662,C1CC(CN(C1)C2=NC=CC=N2)C(=O)NCC3CC4CC3C=C4,celecoxib
CID100002678,100002678,COC1=C(C=C(C=C1)C(C2CC(C2)O)NC(=O)C3=CC(=O)C(=CN3)OC)F,cetirizine
CID100002684,100002684,CC(C)(C)OC(=O)NC1(C(C1S(=O)(=O)C2=CC=C(C=C2)Cl)C3=CC=CC=C3)C=O,cevimeline
CID100002751,100002751,CC(C(=O)NCCCC1=CC=C(C=C1)F)SCC2=CC=CC=C2,cilazapril
CID100002754,100002754,COC1=CN=CC(=C1)C(C2CC(C2)O)NC(=O)CCC3=CC(=O)NO3,cilostazol
CID100002764,100002764,CC1=CC(=O)OC2=C3C(CC(=O)OC3=C(C(=C12)O)C(=O)C)C4=CC(=C(C(=C4)F)F)F,ciprofloxacin
CID100002767,100002767,COC1=CC=C(C=C1)C2C(C2(C=O)C#N)S(=O)(=O)C,cisplatin
CID100002771,100002771,CCOC(=O)C1(C(C1S(=O)(=O)C)C2=CC=C(C=C2)OC)C#N,citalopram
CID100002786,100002786,COC1=CC=C(C=C1)C2C(C2(CO)C#N)S(=O)(=O)C,clindamycin
CID100002800,100002800,CC(=C)COC1=C(C=CC=C1OC)C2CC(=O)OC3=C2C4=C(C=C3)C(=O)C(=CC5=C(C(=CC=C5)OC)OC)O4,clomiphene
CID100002801,100002801,COC1=CC=C(C=C1)C2C(C2(C#N)C(=O)O)S(=O)(=O)C,clomipramine
CID100002802,100002802,CC(C)OC1=CC=CC(=C1)CCCNC(=O)C(C)SCC2=CC=CC=C2,clonazepam
CID100002803,100002803,CC1=CC(=C(C(=O)O1)C(CC(=O)OC)C2=CC=CC=C2)O,clonidine
CID100002806,100002806,CC1=CC(=C(C(=O)O1)C(CC(=O)OC)C2=CC=CC=C2)O,clopidogrel
CID100002818,100002818,COC1=CC=C(C=C1)C2C(C2(C#N)N)S(=O)(=O)C,clozapine
CID100002895,100002895,CC1=CN(C(=O)NC1=O)CC(=O)NC(C2CC(C2)O)C3=CN=C(C=C3)OC,cyclobenzaprine
CID100002907,100002907,CN(CC1CC2=CC=CC=C2O1)C(=O)COC3=NN4C=NN=C4C=C3,cyclophosphamide
CID100002909,100002909,CCOC(=O)C1(C(C1S(=O)(=O)C)C2=CC=C(C=C2)OC)CN,v
CID100002914,100002914,CCOC(=O)C1(C(C1S(=O)(=O)C)C2=CC=C(C=C2)OC)CN,cyproterone
CID100002958,100002958,CC1=C(C=C(C=C1)C(C)NC(=O)C(C)SCC2=CC=CC=C2)C,anthracycline
CID100002972,100002972,CCC(C1=CC(=C(C=C1)C)C)NC(=O)C(C)SCC2=CC=CC=C2,deferiprone
CID100003003,100003003,COCC1(C(C1S(=O)(=O)C)C2=CC=C(C=C2)OC)CN,dexamethasone
CID100003007,100003007,CCC(C1=CC=C(C=C1)S(=O)(=O)C)NC(=O)C(C)SCC2=CC=CC=C2,amphetamine
CID100003016,100003016,CCOCC1(C(C1S(=O)(=O)C)C2=CC=C(C=C2)OC)CN,diazepam
CID100003032,100003032,COC(=O)CC(C1=CC=NC=C1)C2=C(C(=CNC2=O)C(=O)OC)O,diclofenac
CID100003043,100003043,CC1=CN=C(C=C1)C(C)NC(=O)CC2=CSC=C2,didanosine
CID100003066,100003066,CC1=C(C(=NN1CCC(=O)N2CCCC2C3=NNC(=N3)C)C)C(=O)C,dihydroergotamine
CID100003075,100003075,CC1=CC=C(C=C1)C2=NOC(=N2)CN(C)C(=O)C(C)SCC3=CC=CC=C3,diltiazem
CID100003108,100003108,CC(C(=O)N(C)CC1=NC(=NO1)C2=CC=C(C=C2)Cl)SCC3=CC=CC=C3,dipyridamole
CID100003121,100003121,CC(C)C1=CC=C(C=C1)CCCNC(=O)C(C)SCC2=CC=CC=C2,valproate
CID100003143,100003143,CC1=CC2=C(C(CC(=O)O2)C3=COC4=CC=CC=C4C3=O)C(=O)O1,docetaxel
CID100003148,100003148,CN1C=C(C2=CC=CC=C21)CC(=O)NC3CCCC4=C3NC5=C4C=C(C=C5)OC,dolasetron
CID100003152,100003152,CCOCC1(C(C1S(=O)(=O)C)C2=CC=C(C=C2)OC)N,donepezil
CID100003154,100003154,COC1=CC(=C(C=C1)C2=NOC(=N2)CNC(=O)C3=CC=C(C=C3)CN4CCOCC4)OC,dorzolamide
CID100003157,100003157,CC1=CC2=C(C(CC(=O)O2)C3=CC=CC=C3OCC(C)C)C(=O)N1CCC4=CC=C(C=C4)O,doxazosin
CID100003158,100003158,C1COCCN1CC2=CC=C(C=C2)C(=O)NCC3=NC(=NO3)C4=CC=C(C=C4)Cl,doxepin
CID100003203,100003203,CCOCC1(C(C1S(=O)(=O)C)C2=CC=C(C=C2)OC)C(=S)N,efavirenz
CID100003222,100003222,COC(=O)CC(C1=CC2=C(C=C1)OCO2)C3=CC4=C(C=C3O)OCO4,CAS
CID100003261,100003261,COC1=CC=CC=C1CCCNC(=O)CCSC2=CC=CC=C2,estazolam
CID100003308,100003308,CC1=CC(=O)OC2=C3C(CC(=O)OC3=C(C(=C12)O)C(=O)C)C4=CC(=C(C=C4)OC)OCC(=O)N,etodolac
CID100003310,100003310,C1CC(OC1)CN(CC2=CC=CC=N2)C(=O)C3=CC=CC(=C3)C4=CC=CO4,etoposide
CID100003325,100003325,CC1CCN(CC1)C2=CC=C(C=C2)C(C)NC(=O)CCSC3=CC=CC=C3,famotidine
CID100003331,100003331,CC1CCCN(C1)C2=CC=C(C=C2)C(C)NC(=O)CCSC3=CC=CC=C3,felbamate
CID100003339,100003339,CC1=CC2=C(C=C1)OC(CC2NC(=O)CCSC3=CC=CC=C3)(C)C,fenofibrate
CID100003345,100003345,CC1=CC2=C(C=C1)C(CC(O2)(C)C)NC(=O)CCSC3=CC=CC=C3,fentanyl
CID100003355,100003355,CCOC(=O)C1(C(C1S(=O)(=O)CC)C2=CC=C(C=C2)OC)C(=O)OCC,flecainide
CID100003365,100003365,CCOC(=O)C1(C(C1S(=O)(=O)CC)C2=CC=C(C=C2)OC)CN,fluconazole
CID100003367,100003367,CC1=CC2=C(C(CC(=O)O2)C3=CC4=C(C=C3)OCCO4)C(=O)N1CCC5=CC=C(C=C5)O,fludarabine
CID100003368,100003368,CCOC(=O)C1(C(C1S(=O)(=O)CC)C2=CC=C(C=C2)OC)CN,FAMP
CID100003379,100003379,CCOC(=O)C1(C(C1S(=O)(=O)CC)C2=CC=C(C=C2)OC)N,flunisolide
CID100003381,100003381,CN1CCN(CC1)CC2=C(C=CC3=C2C(=CO3)C(=O)C4=CC(=C(C=C4)OC)OC)O,fluocinolone
CID100003385,100003385,CCS(=O)(=O)C1C(C1(CN)CN)C2=CC=C(C=C2)OC,5-FU
CID100003386,100003386,CC1=NC(=NC=C1C(=O)N2CCC2C3=CC=C(C=C3)F)N,fluoxetine
CID100003388,100003388,CC(C)(C(=O)N1CC2CC(C1)C3=CC=CC(=O)N3C2)OC4=CC=C(C=C4)C5CC5(Cl)Cl,fluphenazine
CID100003394,100003394,C1C2CN(CC1C3=CC=CC(=O)N3C2)C(=O)C4CC(=O)N(C4)CC5=CC=CC=C5,flurbiprofen
CID100003399,100003399,CCC(C1=C(C=C(C=C1)C)C)NC(=O)CCSC2=CC=CC=C2,fluticasone
CID100003403,100003403,CCS(=O)(=O)C1C(C1(CN)CO)C2=CC=C(C=C2)OC,fluvastatin
CID100003404,100003404,CC1=CC2=C(C(CC(=O)O2)C3=COC4=C(C3=O)C=C(C=C4)Cl)C(=O)N1CCC5=CC=C(C=C5)O,fluvoxamine
CID100003410,100003410,CCC(C1=CC=C(C=C1)S(=O)(=O)C)NC(=O)CCSC2=CC=CC=C2,formoterol
CID100003414,100003414,CCS(=O)(=O)C1C(C1(CN)C(=O)O)C2=CC=C(C=C2)OC,foscarnet
CID100003419,100003419,CCS(=O)(=O)C1C(C1(CN)N)C2=CC=C(C=C2)OC,fosinopril
CID100003440,100003440,CC(C)C1=NN=C(S1)N2CCN3C(=CC(=N3)C(C4=NC=CN4C)O)C2,furosemide
CID100003446,100003446,COC1=CC=C(C=C1)N2CC(CC2=O)C(=O)N3CCCCC3C4=CN=CC=C4,gabapentin
CID100003449,100003449,COC1=CC=C(C=C1)N2CC(CC2=O)C(=O)N3CCCCC3C4=CN=CC=C4,galantamine
CID100003454,100003454,CCOCC1(C(C1S(=O)(=O)CC)C2=CC=C(C=C2)OC)CN,ganciclovir
CID100003461,100003461,CCOCC1(C(C1S(=O)(=O)CC)C2=CC=C(C=C2)OC)CN,gemcitabine
CID100003475,100003475,CN1C=CC=C1C=C2C(=O)C3=C(O2)C=C(C=C3)OCC(=O)C4=C(C=CC(=C4)OC)OC,gliclazide
CID100003494,100003494,CCS(=O)(=O)C1C(C1(CO)C(=O)O)C2=CC=C(C=C2)OC,glycopyrrolate
CID100003510,100003510,CCS(=O)(=O)C1C(C1(CO)N)C2=CC=C(C=C2)OC,granisetron
CID100003517,100003517,COC1=CC=C(C=C1)CCCNC(=O)CCSC2=CC=C(C=C2)Cl,icodextrin
CID100003559,100003559,CCC1=NC=CN1CCC(=O)NC(C2CC(C2)O)C3=CC=CC=N3,haloperidol
CID100003639,100003639,COC1=C(C=C(C=C1)C(C2CC(C2)O)NC3=C(C=CC=N3)C(=O)N)F,hydrochlorothiazide
CID100003640,100003640,COC(=O)CC(C1=CC2=C(C(=C1)Cl)OCO2)C3=C(C(=CNC3=O)C(=O)OC)O,cortisol
CID100003648,100003648,CCS(=O)(=O)C1C(C1C(=S)N)C2=CC=C(C=C2)OC,hydromorphone
CID100003652,100003652,COC1=CC(=C(C=C1C=C2C(=O)C3=C(O2)C4=C(C=C3)OC(=O)CC4C5=CC6=C(C=C5)OCO6)OC)OC,hydroxychloroquine
CID100003657,100003657,CC1=CC(=CC=C1)C2=NOC(=N2)CNC(=O)CCSC3=CC=C(C=C3)Cl,hydroxyurea
CID100003661,100003661,CC1=C(C(=NN1CC(=O)NC(C2=CC=CC=C2)C3=NC=CN3C)C)C(=O)C,atropine
CID100003672,100003672,CN(C)C(=O)CC(C1=NN2CCN(CC2=C1)C(=O)CN3CCCCCC3)O,ibuprofen
CID100003676,100003676,CN(C)C(=O)CC(C1=NN2CCN(CC2=C1)C(=O)CN3CCCCCC3)O,lidocaine
CID100003685,100003685,CN(CC1=NC(=NO1)C2=CC=CC=C2)C(=O)CCSC3=CC=C(C=C3)Cl,idarubicin
CID100003690,100003690,COCC(C1=CC=CC=N1)NC(=O)C2=CN=C(C=C2)N,ifosfamide
CID100003696,100003696,COC1=CC=C(C=C1)C2C(C2(C=O)C#N)S(=O)(=O)C3=CC=CC=C3,imipramine
CID100003702,100003702,CCOC(=O)C1(C(C1S(=O)(=O)C2=CC=CC=C2)C3=CC=C(C=C3)OC)C#N,indapamide
CID100003706,100003706,CN(CC1=NC(=NO1)C2=CC=C(C=C2)Cl)C(=O)CCSC3=CC=C(C=C3)Cl,indinavir
CID100003715,100003715,C1COCC1CCCNC(=O)C2=CC=CC=C2C#N,indomethacin
CID100003724,100003724,CC(C)OC1=CC=CC=C1C2CC(=O)OC3=C2C4=C(C=C3)C(=O)C(=CC5=C(C(=CC=C5)OC)OC)O4,iodixanol
CID100003734,100003734,CC1=CC(=O)OC2=C3C(CC(=O)OC3=C(C(=C12)O)C(=O)C)C4=CC=C(C=C4)C(=O)OC,iopamidol
CID100003736,100003736,CC1=CC(=C(C=C1)C)C(C)NC(=O)C2=CC=C(C=C2)C3N(C(=O)CS3)CC4=CC=CC=C4,iopromide
CID100003741,100003741,COC1=C(C=C(C=C1)C2CC(=O)OC3=C2C4=C(C=C3)C(=O)CC5(O4)CCCCC5)OCC(=O)N,ioversol
CID100003746,100003746,C1C(=O)N(C(S1)C2=CC=C(C=C2)C(=O)NCCCC3=CC=C(C=C3)F)CC4=CC=CC=C4,ipratropium
CID100003749,100003749,CC1=CC=C(C=C1)OCCNC(=O)C2=CC=C(C=C2)C3N(C(=O)CS3)CC4=CC=CC=C4,irbesartan
CID100003750,100003750,COC1=CC=C(C=C1)C=C2C(=O)C3=C(O2)C4=C(C=C3)OC(=O)CC4C5=CC6=CC=CC=C6NC5=O,irinotecan
CID100003793,100003793,CCOC(=O)C1(C(C1S(=O)(=O)C2=CC=CC=C2)C3=CC=C(C=C3)OC)C(=O)OCC,itraconazole
CID100003823,100003823,C1COCCN1CC2=CC(=O)C(=C(O2)C(CC(=O)N)C3=CC=NC4=CC=CC=C34)O,ketoconazole
CID100003825,100003825,C1=CC=C(C=C1)CSCCNC(=O)C(=CC2=CC=CO2)C3=CC=CC=C3,ketoprofen
CID100003826,100003826,C1COCCN1CC2=CC(=O)C(=C(O2)C(CC(=O)N)C3=CC=NC4=CC=CC=C34)O,ketorolac
CID100003869,100003869,COC1=CC=C(C=C1)C2C(C2(CN)N)S(=O)(=O)C3=CC=CC=C3,labetalol
CID100003877,100003877,C1C(CC1O)C(CC2=CC=CC=N2)NC(=O)CCCN3C=CC=N3,lamivudine
CID100003878,100003878,COC1=CC(=CC2=C1OCO2)C(CC(=O)OC)C3=C(C(=O)C=C(O3)CN4CC5CC(C4)C6=CC=CC(=O)N6C5)O,lamotrigine
CID100003883,100003883,COC1=C(C=C(C=C1)Cl)NC(=O)C(=CC2=CC=CO2)C3=CC=CC=C3,lansoprazole
CID100003899,100003899,CC1=CC=CC=C1C2=CC=CC(=C2)CN3CCCN4C(=CC(=N4)C(C)O)C3,leflunomide
CID100003902,100003902,COC1=C(C=C(C=C1)C(=O)C2=COC3=C2C(=C(C=C3)O)CN4CCN(CC4)C5=CC=CC=C5)OC,letrozole
CID100003911,100003911,C1=CC=C(C=C1)C(=CC2=CC=CO2)C(=O)NC3=CC=C(C=C3)CC#N,Leuprorelin
CID100003929,100003929,CC1=CC(=C2C(=C1)C=C(C(=O)N2)C3CC(=O)OC4=CC(=C(C(=C34)OC)OC)OC)C,linezolid
CID100003937,100003937,COC(=O)CC(C1=CC2=C(C=C1)OCO2)C3=C(C(=O)C=C(O3)CN4CC5CC(C4)C6=CC=CC(=O)N6C5)O,Lisinopril
CID100003948,100003948,COC1=CC=C(C=C1)C2C(C2(CO)C(=O)O)S(=O)(=O)C3=CC=CC=C3,lomefloxacin
CID100003958,100003958,CC(=O)OC1=C(C=C(C=C1OC)C2CC(=O)OC3=C2C4=C(C=C3)C(=O)C(=CC5=CC(=C(C=C5OC)OC)OC)O4)OC,lorazepam
CID100003961,100003961,COC(=O)CC(C1=CC=C(C=C1)O)C2=C(C(=O)C=C(O2)CN3CC4CC(C3)C5=CC=CC(=O)N5C4)O,losartan
CID100004011,100004011,C1CC(CN(C1)C(=O)CC2CC3CCC2C3)C(=O)N4CCOCC4,maprotiline
CID100004042,100004042,C1=CC=C(C=C1)C(=CC2=CC=CO2)C(=O)NC3=CC=CC=C3C(=O)N,medroxyprogesterone
CID100004044,100004044,COC1=CC=CC(=C1OC)C=C2C(=O)C3=C(O2)C=C(C=C3)OCC4=CC=C(O4)C(=O)OC,mefenamic
CID100004046,100004046,C1CN(CCN1C(=O)C(=CC2=CC=CO2)C3=CC=CC=C3)S(=O)(=O)C4=CC=CC=C4,mefloquine
CID100004051,100004051,COC(=O)CC(C1=CC=CC=C1)C2=C(C(=CNC2=O)C(=O)OC)O,meloxicam
CID100004054,100004054,C1CCN(C(C1)C2=CN=CC=C2)C(=O)COC3=CC4=C(CCC(=O)N4)C=C3,memantine
CID100004075,100004075,CC(C)(C)OC(=O)NC1(C(C1S(=O)(=O)C2=CC=CC=C2)C3=CC=C(C=C3)OC)C=O,5-ASA
CID100004091,100004091,COCC1(C(C1S(=O)(=O)C2=CC=CC=C2)C3=CC=C(C=C3)OC)C(=S)N,metformin
CID100004112,100004112,COC1=CC=C(C=C1)C2C(C2S(=O)(=O)C3=CC=CC=C3)C(=S)N,methotrexate
CID100004158,100004158,CC1=CC=C(C=C1)S(=O)(=O)C2C(C2(C=O)C#N)C3=CC=C(C=C3)OC,methylphenidate
CID100004159,100004159,CC1=CC=C(C=C1)OCC(C)NC(=O)C(=CC2=CC=CO2)C3=CC=CC=C3,methylprednisolone
CID100004171,100004171,CN1C2=CC=CC=C2C=C1C(=O)N3CCCCC3C4=CN=CC=C4,metoprolol
CID100004173,100004173,CC1CCCN(C1)C2=CC=C(C=C2)C(C)NC(=O)C(=CC3=CC=CO3)C4=CC=CC=C4,metronidazole
CID100004192,100004192,CC1(CC(C2=C(O1)C=CC(=C2)OC)NC(=O)C(=CC3=CC=CO3)C4=CC=CC=C4)C,midazolam
CID100004205,100004205,C1C2CC(C1C=C2)CNC(=O)CCC3=NC(=NO3)C4=CC=NC=C4,mirtazapine
CID100004212,100004212,CC1=CC=C(C=C1)S(=O)(=O)C2C(C2(C#N)N)C3=CC=C(C=C3)OC,mitoxantrone
CID100004236,100004236,CCC(C1=CC=C(C=C1)S(=O)(=O)C)NC(=O)C(=CC2=CC=CO2)C3=CC=CC=C3,modafinil
CID100004240,100004240,CCOCC1(C(C1S(=O)(=O)C2=CC=C(C=C2)C)C3=CC=C(C=C3)OC)C#N,mometasone
CID100004248,100004248,CC1=CC=C(C=C1)S(=O)(=O)C2C(C2C3=CC=C(C=C3)OC)C#N,montelukast
CID100004253,100004253,CC1=CC=C(C=C1)S(=O)(=O)C2C(C2C3=CC=C(C=C3)OC)C#N,morphine
CID100004259,100004259,CCOC(=O)C1(C(C1S(=O)(=O)C2=CC=C(C=C2)C)C3=CC=C(C=C3)OC)C(=O)OCC,moxifloxacin
CID100004271,100004271,CCOC(=O)C1(C(C1S(=O)(=O)C2=CC=C(C=C2)C)C3=CC=C(C=C3)OC)CN,mycophenolate
CID100004272,100004272,CN1C=C(C=N1)C(C2CC(C2)O)NC(=O)CN3CCCCCC3,mycophenolic
CID100004409,100004409,CC1=CC=C(C=C1)S(=O)(=O)C2C(C2(CO)N)C3=CC=C(C=C3)OC,nabumetone
CID100004428,100004428,COC(=O)CC(C1=CC=C(C=C1)O)C2=C(C(=CNC2=O)C(=O)OC)O,naltrexone
CID100004440,100004440,COC1=CC=C(C=C1)CSCC(=O)NC2=CC=CC=C2C(=O)NCC3=CC=CC=C3,naratriptan
CID100004449,100004449,CC(=C)COC1=CC=CC=C1C2CC(=O)OC3=C2C4=C(C=C3)C(=O)C(=CC5=CN=CC=C5)O4,nefazodone
CID100004451,100004451,CC1=CC=C(C=C1)S(=O)(=O)C2C(C2(COC)C(=O)O)C3=CC=C(C=C3)OC,nelfinavir
CID100004485,100004485,C1C(CC1O)C(C2=CC=CS2)NC(=O)C3=C(C=NC=C3)F,nifedipine
CID100004499,100004499,COC1=CC(=CC(=C1OC)OC)C(CC(=O)OC)C2=C(C(=O)C(=C(C2=O)O)C(CC(=O)OC)C3=CC(=C(C(=C3)OC)OC)OC)O,nisoldipine
CID100004539,100004539,C1CC(NC1=O)(CCC(=O)NCC2=CC3=C(N2)C=CC(=C3)F)CCC(=O)O,norfloxacin
CID100004542,100004542,COC1=CC=C(C=C1)CSCC(=O)NCCCC2=CC(=C(C=C2)OC)OC,levonorgestrel
CID100004543,100004543,C1CC(NC1=O)(CCC(=O)NCC2=CC3=C(N2)C=CC(=C3)F)CCC(=O)O,nortriptyline
CID100004583,100004583,COC1=CC2=C(C=C1)NC(=O)C(=C2)C3CC(=O)OC4=C3C5=C(C=C4)C(=O)C(=CC6=C(C(=CC=C6)OC)OC)O5,ofloxacin
CID100004585,100004585,COC1=CC=C(C=C1)C2C(C2(C#N)C#N)S(=O)(=O)C3=CC=C(C=C3)Cl,olanzapine
CID100004594,100004594,CC1(CC(C2=C(O1)C=C(C=C2)OC)NC(=O)CSCC3=CC=C(C=C3)OC)C,omeprazole
CID100004595,100004595,COC1=CC=C(C=C1)C2C(C2(C=O)C#N)S(=O)(=O)C3=CC=C(C=C3)Cl,ondansetron
CID100004599,100004599,C1C(C2=C(C=CC3=C2OC=C(C3=O)Cl)OC1=O)C4=CC=C(C=C4)C(=O)O,orlistat
CID100004603,100004603,CCOC(=O)C1(C(C1S(=O)(=O)C2=CC=C(C=C2)Cl)C3=CC=C(C=C3)OC)C#N,oseltamivir
CID100004609,100004609,CCOC(=O)C1(C(C1S(=O)(=O)C2=CC=C(C=C2)Cl)C3=CC=C(C=C3)OC)C#N,oxaliplatin
CID100004614,100004614,COC1=CC=C(C=C1)C2C(C2(CO)C#N)S(=O)(=O)C3=CC=C(C=C3)Cl,oxaprozin
CID100004634,100004634,CC1=CC(=CC=C1)C2=NOC(=N2)CNC(=O)CSCC3=CC=C(C=C3)OC,oxybutynin
CID100004635,100004635,CC1=CC2=C(C(CC(=O)O2)C3=CC4=C(C=C(C=C4)OC)NC3=O)C(=O)O1,oxycodone
CID100004666,100004666,COC1=CC=CC(=C1OC)C=C2C(=O)C3=C(O2)C4=C(C=C3)OC(=O)CC4C5=CC=NC6=CC=CC=C56,paclitaxel
CID100004673,100004673,CN(CC1=NC(=NO1)C2=CC(=CC=C2)OC)C(=O)CSCC3=CC=C(C=C3)OC,pamidronate
CID100004679,100004679,C1C(C2=C(C=CC3=C2OC(=CC4=CN=CC=C4)C3=O)OC1=O)C5=CC=NC=C5,pantoprazole
CID100004691,100004691,CCOC(=O)C1(C(C1S(=O)(=O)C2=CC=C(C=C2)Cl)C3=CC=C(C=C3)OC)C(=O)OCC,paroxetine
CID100004735,100004735,CSCCC(CO)NC(=O)C1=C(N(N=C1)C2=CC=CC=C2Br)N3C=CC=C3,pentamidine
CID100004739,100004739,COC1=CC=C(C=C1)C2C(C2(CN)CN)S(=O)(=O)C3=CC=C(C=C3)Cl,pentostatin
CID100004745,100004745,COC1=CC=C(C=C1)C2C(C2(CN)CO)S(=O)(=O)C3=CC=C(C=C3)Cl,pergolide
CID100004748,100004748,CC1=CC(=C(C(=O)N1CCC2=CC=C(C=C2)O)C(CC(=O)OC)C3=COC4=CC=CC=C4C3=O)O,perphenazine
CID100004819,100004819,C1=CC(=CN=C1)C=C2C(=O)C3=C(O2)C(=C(C=C3)O)C(CC(=O)O)C4=CN=CC=C4,pilocarpine
CID100004885,100004885,CC1=CC2=C(C(CC(=O)O2)C3=CC(=C(C=C3OC)OC)OC)C(=O)N1CCC4=CC=C(C=C4)O,pramipexole
CID100004889,100004889,C1COCCN1CC2=CC(=O)C(=C(O2)C(CC(=O)N)C3=CC=C(C=C3)O)O,pravastatin
CID100004894,100004894,COC1=CC=C(C=C1)C2C(C2S(=O)(=O)C3=CC=C(C=C3)Cl)CO,prednisolone
CID100004895,100004895,C1CCN(C(C1)C2=CN=CC=C2)C(=O)CC3C(=O)N(C(=O)N3)CCC4=CC=CC=C4,prednisolone
CID100004896,100004896,C1CCC(C1)C(=O)NC(C2CC(C2)O)C3=CC4=C(C=C3)OCC4,prednisolone
CID100004900,100004900,COC1=CC=C(C=C1)C2C(C2(C(=O)O)N)S(=O)(=O)C3=CC=C(C=C3)Cl,prednisone
CID100004915,100004915,CCCOC1=CC=CC=C1CCCNC(=O)C2=C(C=CC(=C2)[N+](=O)[O-])Cl,procarbazine
CID100004917,100004917,COCCN1C=C(C2=CC=CC=C21)CCC(=O)N3CCCC4=CC5CC(C43)CN6C5CCCC6,prochlorperazine
CID100004920,100004920,COCC1(C(C1S(=O)(=O)C2=CC=C(C=C2)Cl)C3=CC=C(C=C3)OC)C(=O)O,progesterone
CID100004932,100004932,COC1=CC=CC(=C1OC)C=C2C(=O)C3=C(O2)C4=C(C=C3)OC(=O)CC4C5=CC=CC=C5OCCC6=CC7=C(C=C6)OCC7,propafenone
CID100004943,100004943,COCC1(C(C1S(=O)(=O)C2=CC=C(C=C2)Cl)C3=CC=C(C=C3)OC)N,propofol
CID100005002,100005002,CCOC(=O)CC1=C(C(=O)NN1)C(CC(=O)N)C2=CC3=C(C=C2)N(C(=O)N3C)C,quetiapine
CID100005029,100005029,CC1=CC(=O)OC2=C3C(CC(=O)OC3=C(C(=C12)O)C(=O)C)C4=CC5=C(C=C4)OCCO5,rabeprazole
CID100005038,100005038,CN(CC1=NC(=NO1)C2=CC=CC=C2Cl)C(=O)C3=C(C=CC(=C3)[N+](=O)[O-])Cl,ramipril
CID100005040,100005040,COC1=CC=C(C=C1)C2C(C2S(=O)(=O)C3=CC=C(C=C3)Cl)C(=S)N,rapamycin
CID100005064,100005064,CS(=O)(=O)C1C(C1(C#N)C#N)C2=CC3=C(C=C2)OCO3,ribavirin
CID100005070,100005070,CC1=CC(=O)C=C(O1)C(=O)NCC2CCCN(C2)CCO,riluzole
CID100005073,100005073,CS(=O)(=O)C1C(C1(C=O)C#N)C2=CC3=C(C=C2)OCO3,risperidone
CID100005076,100005076,CN1C=C(C=N1)C(CC(=O)OC)C2=C(C(=O)C=C(O2)CN3CCCCC3)O,ritonavir
CID100005077,100005077,CS(=O)(=O)C1C(C1(C=O)C#N)C2=CC3=C(C=C2)OCO3,rivastigmine
CID100005078,100005078,C1CCN2CCCC(C2C1)CN3CC(=O)C(=C3N)C4=NC(=CS4)C5=CC=CC=C5,rizatriptan
CID100005090,100005090,CC1=CC2=C(C=C1)OC(CC2NC(=O)C3=CC(=C(C(=C3)OC)OC)OC)(C)C,rofecoxib
CID100005095,100005095,CC1=CC2=C(C=C1)C(CC(O2)(C)C)NC(=O)C3=CC(=C(C(=C3)OC)OC)OC,ropinirole
CID100005152,100005152,CC(C)C1=CC=C(C=C1)CCCNC(=O)C2=CC(=C(C(=C2)OC)OC)OC,salmeterol
CID100005155,100005155,COC1=CC(=CC(=C1OC)OC)C(=O)NCCCN2CCCC3=CC=CC=C32,stavudine
CID100005195,100005195,CC1=CC2=C(C=C1)C(CC(O2)(C)C)NC(=O)C3=CC(=C(C=C3)[N+](=O)[O-])C,deprenyl
CID100005203,100005203,CS(=O)(=O)C1C(C1(CN)CO)C2=CC3=C(C=C2)OCO3,sertraline
CID100005206,100005206,CS(=O)(=O)C1C(C1(CN)CO)C2=CC3=C(C=C2)OCO3,sevoflurane
CID100005210,100005210,CCN(CC)CC1=CC(=C(O1)C)C(=O)N2CCCC(C2)C3=NC=NC=C3,sibutramine
CID100005212,100005212,CCC(C1=CC(=C(C=C1)C)C)NC(=O)C2=CC(=C(C=C2)[N+](=O)[O-])C,sildenafil
CID100005245,100005245,CN1C(=CC=N1)C(CC(=O)OC)C2=C(C3=CC=CC=C3OC2=O)O,risedronate
CID100005253,100005253,CCOCC1(C(C1S(=O)(=O)C)C2=CC3=C(C=C2)OCO3)CN,sotalol
CID100005257,100005257,CCOCC1(C(C1S(=O)(=O)C)C2=CC3=C(C=C2)OCO3)CN,sparfloxacin
CID100005291,100005291,CCOC1=C(C=C(C=C1)CNC(=O)C(C)SC2=CC=C(C=C2)C)OCC,imatinib
CID100005352,100005352,CC1=CC=C(C=C1)SC(C)C(=O)NC(C)COC2=CC=C(C=C2)OC,sulindac
CID100005358,100005358,CC1=CC=C(C=C1)SC(C)C(=O)NC2=CC=CC=C2C(=O)C3=CC=CC=C3,sumatriptan
CID100005372,100005372,CC(C(=O)OC)NC(=O)C(C)(C)OC1=CC=C(C=C1)C2CC2(Cl)Cl,tacrolimus
CID100005376,100005376,CC1=CC=C(C=C1)SC(C)C(=O)NCCCC2=CC=C(C=C2)OC(C)C,tamoxifen
CID100005379,100005379,CC1=CC=C(C=C1)SC(C)C(=O)NC2=CC=C(C=C2)OC3CCCC3,gatifloxacin
CID100005394,100005394,CCOC1=CC=C(C=C1)CCCNC(=O)C(C)SC2=CC=C(C=C2)C,temozolomide
CID100005401,100005401,CC1=C(C2=C(C=C1)NC(=N2)CCC(=O)NC(C)CC3=NC=CN=C3)C,terazosin
CID100005402,100005402,COCC1(C(C1S(=O)(=O)C)C2=CC3=C(C=C2)OCO3)C(=S)N,terbinafine
CID100005408,100005408,CC1=CC=C(C=C1)SC(C)C(=O)NC(C)COC2=CC=CC=C2C,testosterone
CID100005426,100005426,CC(C)C(CO)NC(=O)C1CC(=O)N(C1)CC2=CC=CC=C2,thalidomide
CID100005453,100005453,CC1=CC=C(C=C1)SC(C)C(=O)NC2CC(OC3=C2C=C(C=C3)C)(C)C,thiotepa
CID100005454,100005454,CC1=CC=C(C=C1)SC(C)C(=O)NC2CC(OC3=C2C=C(C=C3)C)(C)C,thiothixene
CID100005466,100005466,CCOC(=O)CC1=C(C(=O)NN1)C(CC(=O)N)C2=CC=C(C=C2)OCC3=CC=CC=N3,tiagabine
CID100005478,100005478,CCOC(=O)C1(C(C1S(=O)(=O)CC)C2=CC3=C(C=C2)OCO3)C#N,timolol
CID100005487,100005487,CCS(=O)(=O)C1C(C1(CO)C#N)C2=CC3=C(C=C2)OCO3,tizanidine
CID100005496,100005496,CC1=CC=C(C=C1)SC(C)C(=O)NC(C)C2=CC(=C(C=C2)C)C,tobramycin
CID100005514,100005514,CCC(C1=C(C=C(C=C1)C)C)NC(=O)C(C)SC2=CC=C(C=C2)C,topiramate
CID100005523,100005523,CCC(C1=C(C=C(C=C1)C)C)NC(=O)C(C)SC2=CC=C(C=C2)C,tramadol
CID100005525,100005525,CCC(C1=CC(=C(C=C1)OC)OC)NC(=O)C(C)SC2=CC=C(C=C2)C,trandolapril
CID100005533,100005533,CCS(=O)(=O)C1C(C1C2=CC3=C(C=C2)OCO3)C#N,trazodone
CID100005538,100005538,C1=CC2=NC(=O)C(=C(N2C=C1)O)C(CC(=O)NCCC3=CC(=C(C=C3)O)O)C4=CC5=NC=CN=C5C=C4,retinoic
CID100005544,100005544,CSCCC(CO)NC(=O)C1CCN(CC1)C2=NC=CC=N2,triamcinolone
CID100005596,100005596,CCS(=O)(=O)C1C(C1(CN)C(=O)O)C2=CC3=C(C=C2)OCO3,trospium
CID100005625,100005625,CC1=CC=C(C=C1)SC(C)C(=O)N(C)CC2=NC(=NO2)C3=CC=CC=C3Cl,delavirdine
CID100005645,100005645,CC1=CC=C(C=C1)SC(C)C(=O)NCCCC2=CC=C(C=C2)C(C)C,UDCA
CID100005647,100005647,C1CCC2=C(C1)C=CC(=C2)C(=O)N3CCCC(C3)C4=NC=NC=C4,VACV
CID100005651,100005651,CCS(=O)(=O)C1C(C1C2=CC3=C(C=C2)OCO3)CN,Vancocine
CID100005656,100005656,CN1C(=CC=N1)C(C2=NN3CCN(CC3=C2)CC4=NN=C(S4)OC)O,venlafaxine
CID100005665,100005665,CCS(=O)(=O)C1C(C1(CO)CO)C2=CC3=C(C=C2)OCO3,vigabatrin
CID100005672,100005672,CC1=C(C(=NO1)C)C2CCCN2C(=O)C3=CC4=C(C=C3)NC(=O)C(=O)N4,vinorelbine
CID100005718,100005718,CCS(=O)(=O)C1C(C1(COC)C(=O)O)C2=CC3=C(C=C2)OCO3,zalcitabine
CID100005719,100005719,CC1=CC=C(C=C1)SCCC(=O)NC(C)COC2=CC=CC=C2C,zaleplon
CID100005726,100005726,CN1C=C(C=N1)C(C2CC(C2)O)NC(=O)CCC3=NC4=CC=CC=C4N3,zidovudine
CID100005731,100005731,CCS(=O)(=O)C1C(C1C(=O)O)C2=CC3=C(C=C2)OCO3,zolmitriptan
CID100005732,100005732,CC1CCN(CC1)C2=CC=C(C=C2)C(C)NC(=O)CCSC3=CC=C(C=C3)C,zolpidem
CID100005734,100005734,CC1CCCN(C1)C2=CC=C(C=C2)C(C)NC(=O)CCSC3=CC=C(C=C3)C,zonisamide
CID100005735,100005735,CC1=C(SC2=NCCN12)C(=O)N3CCCC(C3)C4=CC=C(C=C4)Cl,zopiclone
CID100005877,100005877,CC1=NC2=C(O1)C=C(C=C2)C(=O)NC(C3CC(C3)O)C4=CN(N=C4)C,demethyl
CID100005978,100005978,C1OC2=C(O1)C=C(C=C2)C3C(C3(CN)N)S(=O)(=O)C4=CC=CC=C4,vincristine
CID100006432,100006432,CC(COC1=CC=C(C=C1)OC)NC(=O)CCC2=CC=CC=C2,Optison
CID100006436,100006436,CC1=CC=C(C=C1)S(=O)(=O)C2C(C2(CO)N)C3=CC4=C(C=C3)OCO4,triamcinolone
CID100010413,100010413,CC(C)C1=NN=C(O1)C(C)NC(=O)C2=CC=CC=C2OC(C(F)F)(F)F,hydroxybutyrate
CID100010631,100010631,CCOC1=CC=C(C=C1)N(C(C)C(=O)N2CCC(CC2)CC3=CC=CC=C3)S(=O)(=O)C,medroxyprogesterone
CID100011125,100011125,CCN1CCCC1CNC(=O)CC2C(=O)N(C(=O)N2)CCC3=CC=CC=C3,lithium
CID100012453,100012453,CC1=CC=C(C=C1)C2C(C2(CO)C#N)S(=O)(=O)C3=CC=CC=C3,zuclopenthixol
CID100012597,100012597,CCS(=O)(=O)C1C(C1(CO)CO)C2=CC=C(C=C2)C,isomannide
CID100014789,100014789,CC1=CC(=NC=C1CNC(=O)C2(CCCO2)C)C,ferumoxytol
CID100014888,100014888,CCS(=O)(=O)C1C(C1(CO)CO)C2=CC=C(C=C2)F,arsenic
CID100016362,100016362,CCS(=O)(=O)C1C(C1C2=CC=C(C=C2)Cl)CO,pimozide
CID100016886,100016886,CCOC(=O)C1CCN(CC1)C(=O)C(C)N(C2=C(C=CC(=C2)Cl)OC)S(=O)(=O)C,5-aza-2'-deoxycytidine
CID100023925,100023925,CC1(CC(C2=CC=CC=C2O1)NC(=O)C3=C4C(=CS3)OCCO4)C,Fe(III
CID100023982,100023982,COC1=C(C2=C(C=C1)C3N(C2=O)CC(=O)N3CC(=O)O)OC,gadolinium
CID100027661,100027661,CC1=CC(=CC(=C1Br)C)OCC(=O)NCCCC2=CC=CC=C2Cl,isosorbide-5-mononitrate
CID100027991,100027991,CC1=CC(=NC(=O)N1CC(=O)NC(C)C2=NC(=NO2)C3=CC=CC=N3)C,desmopressin
CID100027993,100027993,C1CCC(C(C1)N)NCC2CCCO2,conjugated
CID100028486,100028486,C1CCC(C(C1)N)NC2CCCCC2OCC3=CC=CC=C3,lithium
CID100032603,100032603,CC(C)CN1C=NC=C1CNC(=O)C(C2=CC(=CC=C2)Cl)O,clindamycin
CID100034312,100034312,CCC(C1CC(C1)O)NC(=O)CCC(F)(F)F,oxcarbazepine
CID100039860,100039860,CCC(C(=O)NC1CC(OC2=C1C=CC(=C2)C)(C)C)OC3=CC=CC(=C3C)C,nabilone
CID100040976,100040976,CC(C)C(C1=NC=NN1C)NC(=O)C2=NC(=O)C3=CC=CC=C3N2,Implanon
CID100041317,100041317,C1CCCN(CC1)CC(=O)NC(CC2=CC=CC=C2)C3CC(C3)O,acitretin
CID100042113,100042113,CNC(=O)CC1C(=O)NCCN1C(=O)C2=C(C=C(C=C2)Cl)O,desflurane
CID100042615,100042615,CCOC1=CC=C(C=C1)CCCNC(=O)C(C)OC2=CC(=C(C=C2)C)C,Supremon
CID100047725,100047725,CCN1C(=NC=N1)C(C)NC(=O)C2=CC=CC(=C2)C(=O)C,Goserelin
CID100054373,100054373,CC(C(=O)NC1CCCC2=CC=CC=C12)N(C3=CC=CC(=C3)C(F)(F)F)S(=O)(=O)C,Octreotide
CID100054454,100054454,CC(C(=O)NC1=CC(=CC=C1)OC)N(C2=C(C=CC(=C2)OC)OC)S(=O)(=O)C,simvastatin
CID100054547,100054547,C1CN(CC1(C2=CC=CC=C2)O)C(=O)CC3=CC(=CC=C3)F,cefpodoxime
CID100054688,100054688,CC1=CC(=CC=C1)CCCNC(=O)C(C)N(C2=C(C=CC(=C2)OC)OC)S(=O)(=O)C,clarithromycin
CID100054786,100054786,CCC1=CC=CC=C1NC(=O)C(C)N(C2=CC(=C(C=C2)OC)OC)S(=O)(=O)C,treprostinil
CID100054840,100054840,CC(C(=O)NC1=CC=C(C=C1)C(=O)OC)N(C2=CC(=C(C=C2)OC)OC)S(=O)(=O)C,atomoxetine
CID100055466,100055466,CCC1=CC=C(C=C1)N(C(C)C(=O)NC2=CC=C(C=C2)Br)S(=O)(=O)C,Gd-DTPA
CID100055480,100055480,CCC1=CC=C(C=C1)N(C(C)C(=O)NC2=CC=CC=C2OCC)S(=O)(=O)C,milnacipran
CID100056338,100056338,CCCN1C=NN=C1C(C)NC(=O)CN2C=NN=N2,fosphenytoin
CID100057166,100057166,CC1=CC=C(C=C1)CNC(=O)C(C)N(C2=CC(=C(C=C2)C)Cl)S(=O)(=O)C,Photofrin
CID100057469,100057469,C1COC2=C1C=C(C=C2)C(C3CC(C3)O)NC(=O)C4=CC=CN4,imiquimod
CID100057537,100057537,CCC1=CC=CC=C1NC(=O)C(C)N(C2=CC(=C(C=C2)Cl)C(F)(F)F)S(=O)(=O)C,rotigotine
CID100059708,100059708,CN1CCC(C1)NC(=O)C2=CN=C(N=C2)SC,levetiracetam
CID100060146,100060146,CCC(C(=O)NC1CC(OC2=CC=CC=C12)(C)C)N(C3=CC=CC(=C3)C)S(=O)(=O)C,tamsulosin
CID100060183,100060183,CCC(C(=O)NC(C)C1=CC=C(C=C1)F)N(C2=CC=CC(=C2)C)S(=O)(=O)C,perindopril
CID100060184,100060184,CCC(C(=O)NC(C)C1=C(C=C(C=C1)C)C)N(C2=CC=CC(=C2)C)S(=O)(=O)C,perindopril
CID100060198,100060198,C1CCN(C(C1)C(=O)NCCN2CCNC2=O)CC3=CC=CC=C3,exemestane
CID100060496,100060496,CCC(C(=O)N1CCN(CC1)CC2=CC=CC=C2)N(C3=C(C=CC(=C3)C)C)S(=O)(=O)C,amlodipine
CID100060612,100060612,CC(C)(C)N1C=CC(=C1)C(=O)N2CCCC(C2)C3=CC=CC=C3,dexmedetomidine
CID100060613,100060613,CCC(C(=O)NC1=CC(=CC=C1)OCC=C)N(C2=C(C=CC(=C2)C)C)S(=O)(=O)C,cidofovir
CID100060706,100060706,C1CCOC(C1)COCC(=O)NCC2=NC(=CS2)C3=CC=C(C=C3)F,meropenem
CID100060787,100060787,CCC(C(=O)NC(C)C1=CC(=C(C=C1)C)C)N(C2=C(C=CC(=C2)C)C)S(=O)(=O)C,saquinavir
CID100060795,100060795,CCC(C1=CC(=C(C=C1)C)C)NC(=O)C(CC)N(C2=C(C=CC(=C2)C)C)S(=O)(=O)C,aripiprazole
CID100060814,100060814,CCC(C(=O)NC(C)C1=CC=CC=C1)N(C2=CC(=CC(=C2)C)C)S(=O)(=O)C,remifentanil
CID100060834,100060834,CN1C(=O)C2(CCN(CC2)C(=O)C3CCC4=CC=CC=C4O3)N(C1=O)C,duloxetine
CID100060843,100060843,CCC1=CC=CC=C1NC(=O)C(CC)N(C2=CC(=CC(=C2)C)C)S(=O)(=O)C,pemetrexed
CID100060852,100060852,CCC(C(=O)NC1=CC=C(C=C1)Cl)N(C2=CC(=CC(=C2)C)C)S(=O)(=O)C,ibandronate
CID100060853,100060853,CCC(C(=O)NC1=CC=C(C=C1)Cl)N(C2=CC(=CC(=C2)C)C)S(=O)(=O)C,ziprasidone
CID100060877,100060877,CC1=CC(=C(C=C1)C(=O)NCCC2CCOC2)F,emtricitabine
CID100060878,100060878,CCC(C(=O)NC1=CC=C(C=C1)C(=O)OCC)N(C2=CC(=CC(=C2)C)C)S(=O)(=O)C,eprosartan
CID100060953,100060953,CCC(C(=O)NCC1=C(C=C(C=C1)Cl)Cl)N(C2=CC(=CC(=C2)C)C)S(=O)(=O)C,capecitabine
CID100062819,100062819,CCC(C(=O)NC1=CC=C(C=C1)OCC)N(C2=CC=C(C=C2)OCC)S(=O)(=O)C,Metrodin
CID100062924,100062924,CCC(C(=O)NCCSCC1=CC=CO1)N(C2=CC=C(C=C2)OCC)S(=O)(=O)C,fluticasone
CID100062956,100062956,CCC(C(=O)NC1=CC=CC=C1C(C)C)N(C2=CC=C(C=C2)OCC)S(=O)(=O)C,fosinoprilat
CID100062959,100062959,CCC1=CC=CC(=C1NC(=O)C(CC)N(C2=CC=C(C=C2)OCC)S(=O)(=O)C)C,trovafloxacin
CID100064147,100064147,C1CC(CN(C1)C(=O)CN2C=NC3=CC=CC=C32)CC4=NC(=NO4)C5CC5,valganciclovir
CID100064778,100064778,COC1=CC=CC(=C1OC)C2CCN(C2)C(=O)C3=CN=CN3,Meropenem
CID100065157,100065157,CC1=CN=C(C=N1)C(=O)N2CCCC(C2)CC3=NC(=NO3)C4=NC=CN=C4,testosterone
CID100065370,100065370,COC(=O)C1C(C(=C(NC1=O)SCCC2=CC=CC=C2)C#N)C3=CC=C(C=C3)Cl,Glat
CID100065628,100065628,C1CC2C(C1)C3CC2CC3NC(=O)C4=CN=C(C=C4)Cl,bendamustine
CID100065856,100065856,CC1=NC(=NN1)C2CCCN2C(=O)C3=CN(C=C3)C(C)(C)C,reboxetine
CID100065866,100065866,COCCN1CC(CC1=O)CNC(=O)C2=NC=CN=C2,lercanidipine
CID100065999,100065999,CC1=CC(=C(N1C)C)C(=O)NCC(C2=CC=CC=N2)N3CCOCC3,telmisartan
CID100068740,100068740,CCNC(=O)NNC(=O)C=CC1=CC=C(C=C1)OCC2=CC=CC=N2,zoledronic
CID100068844,100068844,CC1=C(C(=NN1C)C)CCNC(=O)C=CC2=CN(N=C2)C3=CC=CC=C3,brinzolamide
CID100071158,100071158,C1CC(CC(C1)C(F)(F)F)C(=O)C(C#N)C(=O)NC2=CC=CC3=CC=CC=C32,acamprosate
CID100071273,100071273,CC1CN(CCO1)S(=O)(=O)NC(C)C2=NOC(=N2)C,ropivacaine
CID100071348,100071348,CN(C)C(=O)N1CCN(CC1)C(=O)C=CC2=CN=CC=C2,lanreotide
CID100071360,100071360,CC(CNC(=O)NC1CCC(C1)N(C)C)C2=CC=CS2,iloperidone
CID100071616,100071616,CC1=CC=CC=C1C2CCCN2CC(COC(C)C)O,voriconazole
CID100072111,100072111,C1CC(OC1)C(=O)N2CCN(CC2)C(=O)C=CC3=CC(=CC=C3)C4=CC=CC=C4,rifaximin
CID100072466,100072466,CN1C=CC(=C1)C(C(F)(F)F)NC(=O)C2CCCC2C(=O)OC,bleomycin
CID100072938,100072938,CC1=CC(=NN1)CC(C)NC2CCC3C2CN(C3)CC4=CC=CC=C4,gemifloxacin
CID100073658,100073658,C1CN(CCC1NC(=O)C=CC2=C(C=CC=C2F)F)CC(=O)N,telithromycin
CID100077992,100077992,CCCCN(C1C2CCC(C2)C1=NO)C3=CC=CC=C3,frovatriptan
CID100077993,100077993,CC1CCCN(C1)CC(C)NS(=O)(=O)C2=CC=CC3=C2N=CC(=C3)C,eletriptan
CID100077996,100077996,C1CC(CC(C1)C(F)(F)F)C(=O)N2CCCN(CC2)CC3=CC=C(C=C3)C(F)(F)F,paricalcitol
CID100082146,100082146,COC1=C(C=CC(=C1)C(=CC2=CC(=C(C=C2)F)F)C#N)[N+](=O)[O-],bexarotene
CID100083030,100083030,C1CC2C3CN(CC3C1O2)C(=O)C4=CC=C(C=C4)C5=NOC(=N5)C(F)(F)F,Ge-132
CID100084003,100084003,C1COC2=CC=CC(=C2OC1)C=C(C#N)C3=C(C=C(C=N3)C(F)(F)F)Cl,ketorolac
CID100093860,100093860,CCOC(=O)C1=CC=C(C=C1)NC(=O)C2CCC(CC2)N3C(=O)C4C5C=CC(C4C3=O)C6C5C6,bortezomib
CID100096312,100096312,CC1(C2C(C(N1)C3=CC=CC=C3F)C(=O)N(C2=O)C)C(=O)OC,nelarabine
CID100104778,100104778,CCC(C(=O)NC(C)C)N(CC1=CC=CC=C1Cl)C(=O)CN(C2=CC(=C(C=C2)F)Cl)S(=O)(=O)C,levodopa/carbidopa
CID100104865,100104865,CCOC1=CC=CC=C1N(CC(=O)N(CC2=CC=CC(=C2)C)C(CC3=CC=CC=C3)C(=O)NCC(C)C)S(=O)(=O)C4=CC=C(C=C4)SC,bosentan
CID100110634,100110634,CC1=C(C=C(C=C1)C(=O)NC2=CC=CC=C2OC3=CC=CC=C3)N4CCCCS4(=O)=O,vardenafil
CID100110635,100110635,CC1CN2C(C(N=C2S1)C3=CC=CC=N3)C4=CC(=C(C(=C4)OC)O)[N+](=O)[O-],tadalafil
CID100115237,100115237,CC1CN2C(C(N=C2S1)C3=CC=CC=N3)C4=C(N(C(=C4)C)C5CC5)C,paliperidone
CID100119182,100119182,COC(=O)C1=CN(C2=CC=CC=C21)C(=O)C3CCN(CC3)CC4=CC=C(C=C4)Cl,clofarabine
CID100119607,100119607,CC1=CC=C(C=C1)SCC(=O)N(CC2=CC=CC=C2)C(C)C(=O)NC(C)(C)C,valdecoxib
CID100119830,100119830,CC(COC1=CC=C(C=C1)OC)NC(=O)NC2=CC(=CC=C2)Cl,tenofovir
CID100122316,100122316,CCOC1=C(C=CC=N1)C(=O)NC(CC2=CC=CC=N2)C3CC(C3)O,rasagiline
CID100123015,100123015,CC(C(=O)NC)N(CC1=C(C=C(C=C1)Cl)Cl)C(=O)CN(C2=CC=CC=C2)S(=O)(=O)C,SU5416
CID100123597,100123597,CC1=C(C=CC(=C1)S(=O)(=O)N2C=C(C3=CC=CC=C32)C(=O)OC)F,travoprost
CID100123606,100123606,CCC1CSC2=NC(C(N12)C3=CC(=C(C(=C3)OC)O)[N+](=O)[O-])C4=CC=CC=N4,almotriptan
CID100123611,100123611,CCOC1=CC=C(C=C1)N(CC(=O)N(CC2=CC(=CC=C2)Cl)C(CC3=CC=CC=C3)C(=O)NCC(C)C)S(=O)(=O)C4=CC=C(C=C4)F,fondaparinux
CID100123619,100123619,COC1=C(C=C(C=C1)NC(=O)CCCN(C2=CC=CC=C2F)S(=O)(=O)C)Cl,etoricoxib
CID100123623,100123623,CC1CCCN(C1)C(=O)C2CN(CC3=C2N=CC=C3)C(=O)C,Cancidas
CID100123631,100123631,CCC1=CC(=C(C=C1)CC)CNC(=O)C2=C(C=C(C=C2)Cl)F,gefitinib
CID100125889,100125889,CC(C)CNC(=O)C(CC1=CC=CC=C1)N(CC2=CC(=CC=C2)Cl)C(=O)CCCN(C3=CC4=C(C=C3)OCCO4)S(=O)(=O)C,pregabalin
CID100127909,100127909,CCC1CSC2=NC(C(N12)C3=CC(=C(C=C3)N4CCCC4)OC)C5=CC=CC=N5,bimatoprost
CID100130564,100130564,CC(C)CNC(=O)C(CC1=CC=CC=C1)N(CC2=CC=C(C=C2)Cl)C(=O)CN(C3=CC=C(C=C3)C(C)(C)C)S(=O)(=O)C,esomeprazole
CID100134018,100134018,CC(C)C1=CC=C(C=C1)OCC(=O)N(CC2=CC(=C(C=C2)Cl)Cl)C(C)C(=O)NC,febuxostat
CID100134019,100134019,CCC(C)NC(=O)C1=CC=CC=C1NC(=O)CSCC2=C(C=C(C=C2)Cl)Cl,pixantrone
CID100147912,100147912,CC(C(=O)NCC1=CC=CC=C1)N(CC2=CC=C(C=C2)Cl)C(=O)CCC3=CC=C(C=C3)S(=O)(=O)NC4CC4,posaconazole
CID100148191,100148191,CC(C(=O)NC)N(CC1=CC(=CC=C1)OC)C(=O)CCSCC2=CC=CC=C2,temsirolimus
CID100148192,100148192,CC(C(=O)NC(C)(C)C)N(CC1=CC=CC=C1Cl)C(=O)CN(C2=C(C=CC(=C2)Cl)Cl)S(=O)(=O)C3=CC=CC=C3,atazanavir
CID100148211,100148211,C1CC(CN(C1)S(=O)(=O)CC2=CC=C(C=C2)Cl)C(=O)NCC3=CC4=CC=CC=C4C=C3,palonosetron
CID100150310,100150310,CC(C(=O)NC(C)(C)C)N(CC1=CC=C(C=C1)Cl)C(=O)CSCC2=C(C=CC=C2Cl)F,eplerenone
CID100150311,100150311,CC1=CC(=C(N1C2=CC=CC=C2C(F)(F)F)C)C3C(NC(=S)N3C(C)C)C4=CC=CC=N4,ezetimibe
CID100150610,100150610,CCC(C(=O)NC(C)C)N(CC1=CC(=CC=C1)OC)C(=O)CN(C2=CC=CC=C2)S(=O)(=O)C3=CC=C(C=C3)F,ertapenem
CID100151165,100151165,CCC1=NOC(=N1)C2=CN=C(N=C2N3CCCC(C3)C(=O)NCC4=CSC(=N4)CC)C,aprepitant
CID100156326,100156326,CCOC1=CC=CC=C1N(CCCC(=O)N(CC2=CC=C(C=C2)OC)C(C)C(=O)NC)S(=O)(=O)C,asenapine
CID100157688,100157688,CCCN1C(C(NC1=S)C2=CC=CC=N2)C3=C(N(C(=C3)C)C4=CC=CC=C4O)C,vinflunine
CID100158781,100158781,CCC(C(=O)NC(C)C)N(CC1=CC=C(C=C1)OC)C(=O)CCCN(C2=C(C=CC(=C2)C)C)S(=O)(=O)C,olmesartan
CID100160352,100160352,CCC1=CC=C(C=C1)OC(CC)C(=O)N2CCN(CC2)S(=O)(=O)C3=CC=C(C=C3)C,zidovudine/lamivudine
CID100163296,100163296,C1CC(CN(C1)C(=O)CCC2=CC(=CC=C2)F)C#N,tipranavir
CID100166548,100166548,CC1=CC=C(C=C1)S(=O)(=O)N(CC(=O)N(CC2=C(C=C(C=C2)Cl)Cl)C(C)C(=O)NC(C)(C)C)C3=C(C(=CC=C3)Cl)Cl,Anidulafungin
CID100170361,100170361,CCC(C(=O)NC)N(CC1=CC=CC=C1)C(=O)CN(C)S(=O)(=O)C2=CC3=CC=CC=C3C=C2,varenicline
CID100176870,100176870,CCCCNC(=O)C(C)N(CC1=CC=CC=C1C)C(=O)CC2=CC=CC=C2[N+](=O)[O-],erlotinib
CID100179344,100179344,CCNC(=O)C1=CC(=C(C=C1)OC)S(=O)(=O)N(C)CC2=CC=CC=C2F,eslicarbazepine
CID100193962,100193962,COC1=C(C=C(C=C1)CC(=O)N(CC2=CC=C(C=C2)Cl)C(CC3=CC=CC=C3)C(=O)NCC4=CC=NC=C4)OC,etravirine
CID100197281,100197281,CC1=CC(=C(N1C2=CC=CC(=C2)C(F)(F)F)C)C3C(NC(=S)N3CCN4CCOCC4)C5=CC=CC=N5,gadobenate
CID100197712,100197712,CC1=CC(=CC=C1)OCC(=O)N(CCC2=CC=CC=C2)C(C)C(=O)NC(C)(C)C,ambrisentan
CID100206527,100206527,CC1=CC=C(C=C1)S(=O)(=O)NC(C)C2=CC3=C(CCC3)C=C2,L-Dmp
CID100208920,100208920,CCC(C(=O)NC)N(CC1=CC=C(C=C1)F)C(=O)CCSC2=CC=CC=C2,NuvaRing
CID100213023,100213023,CCCC(C(=O)NN)N1C2=CC=CC=C2C(CC1(C)C)C,dabigatran
CID100213039,100213039,CCN1C(=CC(=C1C)C2C(NC(=S)N2CCCN(C)C)C3=CC=CC=N3)C,darunavir
CID100213046,100213046,COC1=CC=C(C=C1)CN(C(CC2=CC=CC=C2)C(=O)NCCCO)C(=O)COC3=CC=C(C=C3)S(=O)(=O)N4CCOCC4,lurasidone
CID100216235,100216235,CCC(C(=O)NC)N(CC1=CC=C(C=C1)F)C(=O)CC2=C(C=CC=C2Cl)Cl,sitaxsentan
CID100216239,100216239,CC(=O)NC1=NN=C(S1)S(=O)(=O)NC2CC3CCC2C3,sorafenib
CID100216326,100216326,CC1=CC=C(C=C1)OCC(C)NS(=O)(=O)C2=CC(=C(C=C2)Cl)C(=O)OC,lenalidomide
CID100216416,100216416,COC1=CC=C(C=C1)CN(C(CC2=CC=CC=C2)C(=O)NCC3=CC4=C(C=C3)OCO4)C(=O)CCC5=CC=C(C=C5)S(=O)(=O)N6CCCC6,lasofoxifene
CID100219024,100219024,CC1CC2=CC=CC=C2N1S(=O)(=O)C3=CC=C(C=C3)OC(C)C(=O)NC4CCCCC4,regadenoson
CID100219090,100219090,COC1=CC=CC=C1NS(=O)(=O)C2=NN=C(S2)NC(=O)C3=CC=CC=C3Cl,fosaprepitant
CID100443379,100443379,CCC(C(=O)NC1CCCC1)N(CC2=CC=C(C=C2)OC)C(=O)CN(C3=CC4=C(C=C3)OCO4)S(=O)(=O)C,CAS
CID100444006,100444006,CC1=CC(=CC=C1)C(=O)NC2=NN=C(S2)S(=O)(=O)NC(C)C3=CC=C(C=C3)F,cefditoren
CID100444013,100444013,C1=CC=C(C(=C1)N2C(C(NC2=S)C3=CC=CC=N3)C4=CC=CN4)O,gadoversetamide
CID100477468,100477468,CCCNC(=O)C(C)N(CC1=CC=CC=C1Cl)C(=O)CSCC2=CC(=CC=C2)Cl,FK463
CID100483407,100483407,CS(=O)(=O)N(CC1=CC=C(C=C1)C(=O)NCCOC2=CC=C(C=C2)F)C3=CC(=C(C=C3)F)Cl,maraviroc
CID100644241,100644241,CS(=O)(=O)N(CC(=O)N(CC1=C(C=C(C=C1)Cl)Cl)C(CC2=CC=CC=C2)C(=O)NC3CCCCC3)C4=CC(=CC=C4)Br,nilotinib
CID103055172,103055172,CCOC(=O)C(CC1=CN=C(C=N1)Cl)C#N,pimecrolimus
CID103062316,103062316,C1CSCC1NC2=C(C=C(C=C2)N)F,dasatinib
CID103081361,103081361,C1=CC(=C(C=C1Cl)[N+](=O)[O-])NCCOCC(F)F,vandetanib
CID103081362,103081362,C1=CC(=C(C=C1NCCOCC(F)F)C(F)(F)F)C#N,telavancin
CID103081884,103081884,C(COCC(F)F)NS(=O)(=O)CBr,copolymer
CID103086257,103086257,CCNC(C)C1=NN=NN1C(C)C2CCCC2,Photofrin
CID103086686,103086686,CCCNC(C)C1=NN=NN1C2=CC=CC(=C2Br)C,sunitinib
CID104369359,104369359,C1C(C2=CC=CC=C2O1)N3C(=O)C(=C(NC3=O)Cl)F,sitagliptin
CID104659568,104659568,CCCOC1=CC=CC=C1C(CCCOC)O,entacapone
CID104659569,104659569,CCCOC1=CC=CC=C1C(CSCC)O,tolcapone
CID105328940,105328940,C1CC(OC1)CCC(CCCC(F)(F)F)NN,bosutinib
CID105353980,105353980,CCC(C(=O)N)SC(C(C)C)C(=O)O,sulfasalazine
CID105359596,105359596,CC(C1=NN(C=N1)CC(=O)NC2=CC(=CC=C2)F)N,arsenic
CID105381226,105381226,CC1CC2=CC=CC=C2N(C1)C(=O)C3=C(C(=NC=C3)F)F,rifampicin
CID105462337,105462337,CC(C)N1CCC(C1)N2C(=CC=N2)CN,olsalazine
CID105479141,105479141,C1CS(=O)(=O)CCC1(CC(=O)O)CO,CGP
CID105487301,105487301,CC1=CC=C(C=C1)C2(CC2CN)C3CCCC3,tegaserod
CID106323497,106323497,CCCCC(CC)(CNCC)C[Si](C)(C)C,rifapentine
CID106331630,106331630,CCC(C)(CC)NS(=O)(=O)C1=CC(=CC(=C1Cl)CO)Cl,eribulin
CID106433091,106433091,CC(C)C1C(=O)NC(C(=O)N1CCSCC#C)C2CC2,tapentadol
CID106433119,106433119,CCNC1=NC(=CC(=C1)C(=O)NCCSC(F)(F)F)C,rivaroxaban
CID106442177,106442177,CC(C)(C(C(=O)O)N)SCCOC1=CC=CC=C1F,everolimus
CID106445540,106445540,CCCNC(C1CSCCN1C)C2=C(C=CN=C2N)C,ixabepilone
CID106477186,106477186,CC1=CC=CC=C1CC2=NC(=S)C3=C(N2)CCCC3,delamanid
CID106850791,106850791,CC1=CC(=CC(=C1NC(=O)C2=C(OC=C2)Br)N)Br,leuprorelin
CID106918366,106918366,CNC(=O)CCN(C)C1CCNCC2=CC=CC=C12,fosaprepitant
CID109811221,109811221,CCNC(=NCC1C(OC(N1C(=O)OC(C)(C)C)(C)C)C)NCCS(=O)(=O)C,cabazitaxel
CID109812414,109812414,CN=C(NCC1=NC=CN1CCC2=CC=CC=C2)NCC3(CCOC3)CCO.I,dalteparin
CID109831761,109831761,CC(CCS(=O)(=O)C)NC(=NC)NCC(C)(C)CCCC1=CC=CC=C1.I,irbesartan-hydrochlorothiazide
CID109831783,109831783,CC(CCS(=O)(=O)C)NC(=NC)NCC1(CC1)C2=CC=CC=C2F,Stalevo
CID109853053,109853053,CC1=NN=C(N1C)CN=C(NCC(C)OC2=CC=C(C=C2)Cl)NC3CCCC3,lomitapide
CID109871419,109871419,CC1=C(C(=O)OC2=CC=CC=C12)C(=O)NC3CCCCCC3CO,ticagrelor
CID110113978,110113978,C1COC(CN1CC2=C3C=CNC3=CC=C2)CCC4=CC(=NC=C4)N,pazopanib
CID110324367,110324367,CC1=C2C(=CC=C1)C=C(C(=O)N2)CNC(=O)C(C)(C)C,boceprevir
CID111505907,111505907,CC(CCO)CNC(=O)NC(C1CCC1)C2=CC=C(C=C2)Cl,Zyprexa
CID111672461,111672461,CCNC(=NCC1=C(N=CC=C1)OC2=CC(=CC=C2)F)NCC(C)(C3=CC=CO3)O.I,gadofosveset
CID111707110,111707110,CCNC(=NCC1=NC=NN1C)NCCCC2=CN(N=C2)C.I,trametinib
CID116129616,116129616,CC(CCSC)N1CCCCC1=N,salmon
CID116129629,116129629,CC(CCSC)NC(=O)NC(=O)C=CC(=O)O,LY146032
CID116129672,116129672,CCOC(C)CNS(=O)(=O)N1CCNCC1,Insulin
CID116129690,116129690,CCC(CC#C)N1C(=O)C2CC2C1=O,ziconotide
CID116129704,116129704,CC(CC#C)N1C(=O)CC(CC1=O)(C)C,Bivalirudin
CID116130199,116130199,CCC(CC#C)NC1=C(C=C(C=C1)C(=O)NCC)[N+](=O)[O-],Enfuvirtide
CID116130295,116130295,CC(CC#C)NC1=C(C(=CC(=C1)F)F)[N+](=O)[O-],BPTI
CID116131310,116131310,CCOC(C)CNC(=O)NC(C1=CN(N=C1)C)C(=O)O,hepatitis
CID116132418,116132418,CCOC(C)CNC(=O)C1=C(C=C(C=C1)C)C#CCO,NovoLog
CID116137271,116137271,CC(C#N)NCCC1CCC1,insulin
CID123668479,123668479,CCC1(C2=CC3=C(C=C2C4=CC=CC=[N+]4C1(CC)CC)C5CCC3CC5)C,raltegravir
CID123690938,123690938,CC(C1(CCCCO1)[SiH3])O,piroxicam
CID124826799,124826799,CCOCC(=O)N1CCCC2(C1)CC(CO2)OCC3=CC=NC=C3,ponatinib
CID125074470,125074470,CS(=O)(=O)N(CCCC(=O)N(CC1=C(C=C(C=C1)Cl)Cl)C(CC2=CC=CC=C2)C(=O)NC3CCCCC3)C4=CC(=CC=C4)Cl,Triptorelin
CID125077993,125077993,CC1CC(CN(C1)C2=C(C=C(C=C2)N3C(C(NC3=S)C4=CC=CC=N4)C5=CC=CN5C6=NC=C(C=C6)Cl)Cl)C,Histrelin
CID125102847,125102847,CC1=CC=C(C=C1)N(CC(=O)N(CC2=C(C=C(C=C2)Cl)Cl)C(CC3=CC=CC=C3)C(=O)NC4CCCC4)S(=O)(=O)C5=CC=C(C=C5)F,cabozantinib
CID125880656,125880656,CC1=CC=C(C=C1)NC(=O)COC2=CC=C(C=C2)C=NNC(=O)CN(C3=CC(=CC=C3)Br)S(=O)(=O)C,doxycycline
CID126275995,126275995,COC1=C(C=CC(=C1)C=C2C(=O)N(C(=O)S2)CC(=O)NC3=C(C=C(C=C3)F)F)OC4=C(C=C(C=C4)[N+](=O)[O-])[N+](=O)[O-],minocycline
CID144462760,144462760,CCCCN1C(=C(C=C1C2=CC=CC=C2)C(=O)NC3=CC=CC(=C3)C(F)(F)F)C,dabrafenib
CID154681041,154681041,CS(=O)(=O)C1=CC=C(C=C1)NC2=NC(=CN=C2C(=O)N)N3CCCC(C3)NC(=O)C4CC5CCC(C4)N5CC6CCN(CC6)C7=CC8=C(C=C7)C(=O)N(C8=O)C9CCC(=O)NC9=O,tigecycline
CID156603655,156603655,CC1=NC=CN=C1CN2CC(C(C2)NS(=O)(=O)C)C(C)C,pegaptanib
CID171306834,171306834,C1CN(CCN1)C(CC#N)C2=C(C=CC(=C2)[N+](=O)[O-])F.Cl.Cl,K779
